{"FootprintProportion": 0.24482352941176472, "FootprintMean": 1.6834117647058824, "FootprintStdev": 6.410823529411765, "PerimeterTotal": 2918.4000392156863, "PerimeterMean": 0.3810980392156863, "ComplexityStdev": 0.05180392156862745, "ComplexityMean": 0.08733333333333333, "PopSum": 911.5019607843137, "Men": 397.74117647058824, "Women": 248.48235294117646, "Elderly": 182.25098039215686, "Youth": 115.94901960784314, "Children": 35.21568627450981, "Civic": 0.1411764705882353, "Commercial": 5.949019607843137, "Entertainment": 1.1058823529411765, "Food": 6.066666666666666, "Healthcare": 0.37254901960784315, "Institutional": 0.7647058823529411, "Recreational": 4.145098039215687, "Social": 0.3254901960784314}