{"FootprintProportion": 321.315, "FootprintMean": 650.6500000000001, "FootprintStdev": 429202.04000000004, "PerimeterTotal": 82.48, "PerimeterMean": 10.27, "ComplexityStdev": 19.655, "ComplexityMean": 111641.5, "PopSum": 52152.5, "Men": 29714.0, "Women": 19850.5, "Elderly": 12359.5, "Youth": 3572.5, "Children": 21.0, "Civic": 831.5, "Commercial": 127.5, "Entertainment": 872.0, "Food": 24.5, "Healthcare": 102.0, "Institutional": 512.5, "Recreational": 19.0}