{"FootprintProportion": 0.11925490196078431, "FootprintMean": 6.530627450980392, "FootprintStdev": 14.66721568627451, "PerimeterTotal": 1813.5129411764706, "PerimeterMean": 0.6096470588235294, "ComplexityStdev": 0.04305882352941177, "ComplexityMean": 0.09980392156862745, "PopSum": 1573.5372549019608, "Men": 752.0313725490196, "Women": 522.521568627451, "Elderly": 147.53333333333333, "Youth": 246.478431372549, "Children": 22.51764705882353, "Civic": 0.12156862745098039, "Commercial": 2.2980392156862743, "Entertainment": 0.5529411764705883, "Food": 3.5137254901960784, "Healthcare": 0.20784313725490197, "Institutional": 0.1607843137254902, "Recreational": 0.5843137254901961, "Social": 0.011764705882352941}