{"FootprintProportion": 522.655, "FootprintMean": 1479.8899999999999, "FootprintStdev": 87437.3, "PerimeterTotal": 81.225, "PerimeterMean": 7.35, "ComplexityStdev": 17.869999999999997, "ComplexityMean": 192056.0, "PopSum": 93681.5, "Men": 58583.0, "Women": 14248.5, "Elderly": 28160.5, "Youth": 32.0, "Children": 3.0, "Civic": 73.0, "Commercial": 3.5, "Entertainment": 63.0, "Food": 5.0, "Healthcare": 8.0, "Institutional": 13.0, "Recreational": 0.0}