{"FootprintProportion": 0.18215686274509804, "FootprintMean": 8.182549019607844, "FootprintStdev": 32.82792156862745, "PerimeterTotal": 4537.176156862744, "PerimeterMean": 0.6194117647058823, "ComplexityStdev": 0.10364705882352941, "ComplexityMean": 0.12188235294117647, "PopSum": 80.48774286490044, "Men": 35.8999854117647, "Women": 47.25163636862745, "Elderly": 15.195337866666668, "Youth": 11.251244066666667, "Children": 5.6874972470588245, "Civic": 0.050980392156862744, "Commercial": 0.6235294117647059, "Entertainment": 0.39215686274509803, "Food": 1.6509803921568627, "Healthcare": 0.08235294117647059, "Institutional": 0.20784313725490197, "Recreational": 0.9372549019607843, "Social": 0.054901960784313725}