{"FootprintProportion": 0.16066666666666665, "FootprintMean": 13.45113725490196, "FootprintStdev": 53.434784313725494, "PerimeterTotal": 3880.5389019607846, "PerimeterMean": 1.0332156862745099, "ComplexityStdev": 0.08105882352941177, "ComplexityMean": 0.1732156862745098, "PopSum": 2366.41568627451, "Men": 783.8823529411765, "Women": 444.2, "Elderly": 97.50588235294117, "Youth": 223.9607843137255, "Children": 119.70196078431373, "Civic": 0.08627450980392157, "Commercial": 2.384313725490196, "Entertainment": 0.9568627450980393, "Food": 3.6627450980392156, "Healthcare": 0.28627450980392155, "Institutional": 0.22745098039215686, "Recreational": 1.0156862745098039, "Social": 0.07058823529411765}