{"FootprintProportion": 0.12862745098039213, "FootprintMean": 3.950549019607843, "FootprintStdev": 4.909019607843137, "PerimeterTotal": 5608.279529411765, "PerimeterMean": 0.5165882352941176, "ComplexityStdev": 0.03180392156862745, "ComplexityMean": 0.09372549019607843, "PopSum": 185.41479131461568, "Men": 88.01846044705881, "Women": 91.24583425490196, "Elderly": 28.28838497254902, "Youth": 14.616586596078431, "Children": 10.428106015686275, "Civic": 0.10196078431372549, "Commercial": 1.8588235294117648, "Entertainment": 0.7568627450980392, "Food": 2.0980392156862746, "Healthcare": 0.17647058823529413, "Institutional": 0.1411764705882353, "Recreational": 3.211764705882353, "Social": 0.0784313725490196}